Archimedes,Syracuse
Archimedes,Syracuse
Archimedes,Syracuse
Archimedes,Syracuse
Barack_Obama,Chicago
Barack_Obama,Chicago
Barack_Obama,Chicago
Barack_Obama,Chicago
Barack_Obama,Illinois
Barack_Obama,Illinois
Barack_Obama,Illinois
Barack_Obama,Illinois
Bill_Gates,Medina
Bill_Gates,Medina
Bill_Gates,Medina
Bill_Gates,Medina
Brock_Lesnar,Maryfield
Brock_Lesnar,Maryfield
Brock_Lesnar,Maryfield
Brock_Lesnar,Maryfield
Bruno_Mars,California
Bruno_Mars,California
Bruno_Mars,California
Bruno_Mars,California
Bruno_Mars,Los_Angeles
Bruno_Mars,Los_Angeles
Bruno_Mars,Los_Angeles
Bruno_Mars,Los_Angeles
Demi_Lovato,Los_Angeles
Demi_Lovato,Los_Angeles
Demi_Lovato,Los_Angeles
Demi_Lovato,Los_Angeles
Donald_Trump,Washington
Donald_Trump,Washington
Donald_Trump,Washington
Donald_Trump,Washington
Eminem,Rochester_Hills
Eminem,Rochester_Hills
Eminem,Rochester_Hills
Eminem,Rochester_Hills
Emma_Stone,California
Emma_Stone,California
Emma_Stone,California
Emma_Stone,California
Emma_Stone,Los_Angeles
Emma_Stone,Los_Angeles
Emma_Stone,Los_Angeles
Emma_Stone,Los_Angeles
George_W._Bush,Dallas
George_W._Bush,Dallas
George_W._Bush,Dallas
George_W._Bush,Dallas
Jennifer_Aniston,Bel_Air
Jennifer_Aniston,Bel_Air
Jennifer_Aniston,Bel_Air
Jennifer_Aniston,Bel_Air
Jennifer_Lawrence,Beverly_Hills
Jennifer_Lawrence,Beverly_Hills
Jennifer_Lawrence,Beverly_Hills
Jennifer_Lawrence,Beverly_Hills
Jennifer_Lawrence,California
Jennifer_Lawrence,California
Jennifer_Lawrence,California
Jennifer_Lawrence,California
John_Cena,Florida
John_Cena,Florida
John_Cena,Florida
John_Cena,Florida
John_Cena,Tampa
John_Cena,Tampa
John_Cena,Tampa
John_Cena,Tampa
Johnny_Depp,California
Johnny_Depp,California
Johnny_Depp,California
Johnny_Depp,California
Johnny_Depp,Los_Angeles
Johnny_Depp,Los_Angeles
Johnny_Depp,Los_Angeles
Johnny_Depp,Los_Angeles
Joseph_Stalin,Lenin's_Mausoleum
Joseph_Stalin,Lenin's_Mausoleum
Joseph_Stalin,Lenin's_Mausoleum
Joseph_Stalin,Lenin's_Mausoleum
Kanye_West,Hidden_Hills
Kanye_West,Hidden_Hills
Kanye_West,Hidden_Hills
Kanye_West,Hidden_Hills
Katy_Perry,California
Katy_Perry,California
Katy_Perry,California
Katy_Perry,California
Laurie_Hernandez,New_Jersey
Laurie_Hernandez,New_Jersey
Laurie_Hernandez,New_Jersey
Laurie_Hernandez,New_Jersey
Leonardo_DiCaprio,Battery_Park_City
Leonardo_DiCaprio,Battery_Park_City
Leonardo_DiCaprio,Battery_Park_City
Leonardo_DiCaprio,Battery_Park_City
Leonardo_DiCaprio,New_York
Leonardo_DiCaprio,New_York
Leonardo_DiCaprio,New_York
Leonardo_DiCaprio,New_York
Leonardo_DiCaprio,Palm_Springs
Leonardo_DiCaprio,Palm_Springs
Leonardo_DiCaprio,Palm_Springs
Leonardo_DiCaprio,Palm_Springs
Manny_Pacquiao,General_Santos
Manny_Pacquiao,General_Santos
Manny_Pacquiao,General_Santos
Manny_Pacquiao,General_Santos
Manny_Pacquiao,Kiamba
Manny_Pacquiao,Kiamba
Manny_Pacquiao,Kiamba
Manny_Pacquiao,Kiamba
Manny_Pacquiao,Makati
Manny_Pacquiao,Makati
Manny_Pacquiao,Makati
Manny_Pacquiao,Makati
Mariah_Carey,New_York
Mariah_Carey,New_York
Mariah_Carey,New_York
Mariah_Carey,New_York
Mariah_Carey,New_York_City
Mariah_Carey,New_York_City
Mariah_Carey,New_York_City
Mariah_Carey,New_York_City
Mark_Wahlberg,Los_Angeles
Mark_Wahlberg,Los_Angeles
Mark_Wahlberg,Los_Angeles
Mark_Wahlberg,Los_Angeles
Mark_Zuckerberg,Palo_Alto
Mark_Zuckerberg,Palo_Alto
Mark_Zuckerberg,Palo_Alto
Mark_Zuckerberg,Palo_Alto
Miley_Cyrus,Los_Angeles
Miley_Cyrus,Los_Angeles
Miley_Cyrus,Los_Angeles
Miley_Cyrus,Los_Angeles
Millie_Bobby_Brown,Los_Angeles
Millie_Bobby_Brown,Los_Angeles
Millie_Bobby_Brown,Los_Angeles
Millie_Bobby_Brown,Los_Angeles
Novak_Djokovic,Monaco
Novak_Djokovic,Monaco
Novak_Djokovic,Monaco
Novak_Djokovic,Monaco
Novak_Djokovic,Monte_Carlo
Novak_Djokovic,Monte_Carlo
Novak_Djokovic,Monte_Carlo
Novak_Djokovic,Monte_Carlo
Rafael_Nadal,Balearic_Islands
Rafael_Nadal,Balearic_Islands
Rafael_Nadal,Balearic_Islands
Rafael_Nadal,Balearic_Islands
Rafael_Nadal,Manacor
Rafael_Nadal,Manacor
Rafael_Nadal,Manacor
Rafael_Nadal,Manacor
Rihanna,New_York_City
Rihanna,New_York_City
Rihanna,New_York_City
Rihanna,New_York_City
Roger_Federer,Bottmingen
Roger_Federer,Bottmingen
Roger_Federer,Bottmingen
Roger_Federer,Bottmingen
Roger_Federer,Wollerau
Roger_Federer,Wollerau
Roger_Federer,Wollerau
Roger_Federer,Wollerau
Ronald_Reagan,Simi_Valley
Ronald_Reagan,Simi_Valley
Ronald_Reagan,Simi_Valley
Ronald_Reagan,Simi_Valley
Ronda_Rousey,Venice
Ronda_Rousey,Venice
Ronda_Rousey,Venice
Ronda_Rousey,Venice
Salman_Khan,Maharashtra
Salman_Khan,Maharashtra
Salman_Khan,Maharashtra
Salman_Khan,Maharashtra
Salman_Khan,Mumbai
Salman_Khan,Mumbai
Salman_Khan,Mumbai
Salman_Khan,Mumbai
Serena_Williams,Florida
Serena_Williams,Florida
Serena_Williams,Florida
Serena_Williams,Florida
Serena_Williams,Palm_Beach_Gardens
Serena_Williams,Palm_Beach_Gardens
Serena_Williams,Palm_Beach_Gardens
Serena_Williams,Palm_Beach_Gardens
Stephen_Hawking,United_Kingdom
Stephen_Hawking,United_Kingdom
Stephen_Hawking,United_Kingdom
Stephen_Hawking,United_Kingdom
Sylvester_Stallone,Beverly_Hills
Sylvester_Stallone,Beverly_Hills
Sylvester_Stallone,Beverly_Hills
Sylvester_Stallone,Beverly_Hills
The_Undertaker,Austin
The_Undertaker,Austin
The_Undertaker,Austin
The_Undertaker,Austin
Tiger_Woods,Jupiter_Island
Tiger_Woods,Jupiter_Island
Tiger_Woods,Jupiter_Island
Tiger_Woods,Jupiter_Island
Tupac_Shakur,Oakland
Tupac_Shakur,Oakland
Tupac_Shakur,Oakland
Tupac_Shakur,Oakland
Usain_Bolt,Kingston
Usain_Bolt,Kingston
Usain_Bolt,Kingston
Usain_Bolt,Kingston
Vladimir_Putin,Moscow
Vladimir_Putin,Moscow
Vladimir_Putin,Moscow
Vladimir_Putin,Moscow
Vladimir_Putin,Novo-Ogaryovo
Vladimir_Putin,Novo-Ogaryovo
Vladimir_Putin,Novo-Ogaryovo
Vladimir_Putin,Novo-Ogaryovo
Vladimir_Putin,Russia
Vladimir_Putin,Russia
Vladimir_Putin,Russia
Vladimir_Putin,Russia
Will_Smith,Los_Angeles
Will_Smith,Los_Angeles
Will_Smith,Los_Angeles
Will_Smith,Los_Angeles
Winston_Churchill,Oxfordshire
Winston_Churchill,Oxfordshire
Winston_Churchill,Oxfordshire
Winston_Churchill,Oxfordshire